{
  "model": "immortaltatsu/omura_emebd",
  "num_points": 1000,
  "embedding_dim": 768,
  "pc1_mean": 9.775162013170302e-09,
  "pc1_std": 0.15913687646389008,
  "pc2_mean": -1.3470649484759178e-08,
  "pc2_std": 0.14048178493976593,
  "png": "benchmarks/results/coco_activation_atlas.png",
  "figure": {
    "layout": "two_row_hexbin_mapping_plus_insights",
    "panels": [
      "hexbin_density",
      "scatter_with_thumbnails",
      "text_insights"
    ]
  },
  "thumbnail_indices": [
    609,
    327,
    380,
    501,
    454,
    303,
    681,
    124,
    717,
    44,
    452,
    881,
    92,
    535,
    781,
    655,
    408,
    261,
    340,
    500,
    161,
    958,
    186,
    862,
    481,
    180,
    892,
    39,
    708,
    486,
    780,
    304,
    286,
    115,
    957,
    584,
    813,
    265,
    575,
    63,
    247,
    811,
    278,
    226,
    941,
    632,
    140,
    489
  ],
  "thumbnail_count": 48,
  "thumbnail_max_requested": 48,
  "xlim": [
    -0.35494887828826904,
    0.3703806400299072
  ],
  "ylim": [
    -0.37737616896629333,
    0.3820476830005646
  ],
  "embedding_position_insights": [
    "1000 embeddings in PCA score space: PC1+PC2 together explain 9.6% of total variance along centered singular directions.",
    "In-plane spread \u03c3_PC1=0.1591, \u03c3_PC2=0.1405 (ratio 1.13). PC1 spans a wider range than PC2 in this sample.",
    "Quadrant mass \u2014 largest wedge (-PC1,+PC2) at 30.6% (others 25.1%, 19.3%, 25.0%), i.e. where the cloud leans in the plane.",
    "Radial concentration: 50% of points fall inside the median radius 0.1883 from the origin; 95th pct radius 0.3441 (tail extent vs compact core).",
    "Sample correlation \u03c1(PC1,PC2)=-0.0000 (scores should stay nearly uncorrelated).",
    "Participation-ratio style spread across spectrum \u2248 76.3 (higher \u21d2 energy less concentrated in a single direction).",
    "Mapping panel shows 48 stratified thumbnails at true (PC1,PC2); align visually with bright hex cells on the left."
  ]
}