{
  "model": "immortaltatsu/omura_emebd",
  "init_seconds": 8.408741591498256,
  "text_benchmark": {
    "calls": 75,
    "elapsed_seconds": 0.7150258384644985,
    "items_per_second": 104.89131436293376,
    "avg_ms_per_item": 9.533677846193314,
    "vectors_collected": 75
  },
  "retrieval_sanity": {
    "queries": 5,
    "docs": 10,
    "recall_at_1": 0.6,
    "recall_at_5": 0.8,
    "recall_at_10": 1.0
  }
}